CODON	Amino acid	Fraction
TAA	Stop	0.007122079
TAG	Stop	0.0013567
TGA	Stop	0.001521221
GCA	Ala	0.352117042
GCC	Ala	0.180698943
GCG	Ala	0.134865268
GCT	Ala	0.332318746
TGC	Cys	0.234289981
TGT	Cys	0.765710019
GAC	Asp	0.122986004
GAT	Asp	0.877013996
GAA	Glu	0.848915989
GAG	Glu	0.151084011
TTC	Phe	0.234321966
TTT	Phe	0.765678034
GGA	Gly	0.436046633
GGC	Gly	0.098374577
GGG	Gly	0.198330892
GGT	Gly	0.267247898
CAC	His	0.193514154
CAT	His	0.806485846
ATA	Ile	0.217476277
ATC	Ile	0.224348371
ATT	Ile	0.558175353
AAA	Lys	0.821859897
AAG	Lys	0.178140103
CTA	Leu	0.093375711
CTC	Leu	0.082137539
CTG	Leu	0.042963004
CTT	Leu	0.152832425
TTA	Leu	0.476818334
TTG	Leu	0.151872987
ATG	Met	1
AAC	Asn	0.174561563
AAT	Asn	0.825438437
CCA	Pro	0.291399864
CCC	Pro	0.22010823
CCG	Pro	0.143507891
CCT	Pro	0.344984015
CAA	Gln	0.866992013
CAG	Gln	0.133007987
AGA	Arg	0.184866105
AGG	Arg	0.052245157
CGA	Arg	0.314579578
CGC	Arg	0.108052243
CGG	Arg	0.157807575
CGT	Arg	0.182449341
AGC	Ser	0.064970275
TCA	Ser	0.232574877
TCC	Ser	0.133241751
TCG	Ser	0.101171988
TCT	Ser	0.265508714
AGT	Ser	0.202532395
ACA	Thr	0.283391798
ACC	Thr	0.242260933
ACG	Thr	0.112771423
ACT	Thr	0.361575846
GTA	Val	0.31152468
GTC	Val	0.146007896
GTG	Val	0.205555948
GTT	Val	0.336911476
TGG	Trp	1
TAC	Tyr	0.143524299
TAT	Tyr	0.856475701
