Genome ID	AAA	AAC	AAT	ACC	ATA	ATC	ATG	ATT	CAA	CAC	CAT	CCT	CGG	CTC	GAA	GAG	GAT	GCG	GGG	GGT	GTA	GTG	GTT	TAA	TAG	TAT	TCA	TCG	TGA	TGC	TTA	TTT
bin.217.fa.nuc	0.023585	0.023585	0.023585	0.023585	0.023585	0.070755	0.047170	0.070755	0.070755	0.023585	0.023585	0.023585	0.023585	0.023585	0.070755	0.023585	0.117925	0.023585	0.023585	0.023585	0.023585	0.023585	0.023585	70.448113	13.419811	0.023585	0.023585	0.023585	15.047170	0.023585	0.094340	0.047170
